"elapsed_s","bit_md_m","operation_state","flow_in_l_min","flow_out_l_min","pit_volume_m3","ecd_sg","torque_kn_m","mud_weight_sg","wob_kn","gas_pct","hole_md_m","hookload_kn","standpipe_pressure_kpa","rpm"
"0","2400.0","DRILLING","950.0","945.0","410.0","1.19","12","1.16","90","0.5","2600","1200","18000","120"
"10","2401.0","DRILLING","950.0","945.0","410.0","1.19","12","1.16","90","0.5","2600","1200","18000","120"
"20","2402.0","DRILLING","950.0","945.0","410.0","1.19","12","1.16","90","0.5","2600","1200","18000","120"
"30","2403.0","DRILLING","950.0","945.0","410.0","1.19","12","1.16","90","0.5","2600","1200","18000","120"
"40","2404.0","DRILLING","950.0","945.0","410.0","1.19","12","1.16","90","0.5","2600","1200","18000","120"
"50","2405.0","DRILLING","950.0","945.0","410.0","1.19","12","1.16","90","0.5","2600","1200","18000","120"
"60","2406.0","DRILLING","950.0","945.0","410.0","1.19","12","1.16","90","0.5","2600","1200","18000","120"
"70","2407.0","DRILLING","950.0","945.0","410.0","1.19","12","1.16","90","0.5","2600","1200","18000","120"
"80","2408.0","DRILLING","950.0","945.0","410.0","1.19","12","1.16","90","0.5","2600","1200","18000","120"
"90","2409.0","DRILLING","950.0","945.0","410.0","1.19","12","1.16","90","0.5","2600","1200","18000","120"
"100","2410.0","DRILLING","950.0","945.0","410.0","1.19","12","1.16","90","0.5","2600","1200","18000","120"
"110","2411.0","DRILLING","950.0","945.0","410.0","1.19","12","1.16","90","0.5","2600","1200","18000","120"
"120","2412.0","DRILLING","950.0","945.0","410.0","1.19","12","1.16","90","0.5","2600","1200","18000","120"
"130","2413.0","DRILLING","950.0","945.0","410.0","1.19","12","1.16","90","0.5","2600","1200","18000","120"
"140","2414.0","DRILLING","950.0","945.0","410.0","1.19","12","1.16","90","0.5","2600","1200","18000","120"
"150","2415.0","DRILLING","950.0","945.0","410.0","1.19","12","1.16","90","0.5","2600","1200","18000","120"
"160","2416.0","DRILLING","950.0","945.0","410.0","1.19","12","1.16","90","0.5","2600","1200","18000","120"
"170","2417.0","DRILLING","950.0","945.0","410.0","1.19","12","1.16","90","0.5","2600","1200","18000","120"
"180","2418.0","DRILLING","950.0","945.0","410.0","1.19","12","1.16","90","0.5","2600","1200","18000","120"
"190","2419.0","DRILLING","950.0","945.0","410.0","1.19","12","1.16","90","0.5","2600","1200","18000","120"
"200","2420.0","DRILLING","950.0","945.0","410.0","1.19","12","1.16","90","0.5","2600","1200","18000","120"
"210","2421.0","DRILLING","950.0","945.0","410.0","1.19","12","1.16","90","0.5","2600","1200","18000","120"
"220","2422.0","DRILLING","950.0","945.0","410.0","1.19","12","1.16","90","0.5","2600","1200","18000","120"
"230","2423.0","DRILLING","950.0","945.0","410.0","1.19","12","1.16","90","0.5","2600","1200","18000","120"
"240","2424.0","DRILLING","950.0","945.0","410.0","1.19","12","1.16","90","0.5","2600","1200","18000","120"
"250","2425.0","DRILLING","950.0","945.0","410.0","1.19","12","1.16","90","0.5","2600","1200","18000","120"
"260","2426.0","DRILLING","950.0","945.0","410.0","1.19","12","1.16","90","0.5","2600","1200","18000","120"
"270","2427.0","DRILLING","950.0","945.0","410.0","1.19","12","1.16","90","0.5","2600","1200","18000","120"
"280","2428.0","DRILLING","950.0","945.0","410.0","1.19","12","1.16","90","0.5","2600","1200","18000","120"
"290","2429.0","DRILLING","950.0","945.0","410.0","1.19","12","1.16","90","0.5","2600","1200","18000","120"
"300","2430.0","DRILLING","950.0","945.0","410.0","1.19","12","1.16","90","0.5","2600","1200","18000","120"
"310","2431.0","DRILLING","950.0","945.0","410.0","1.19","12","1.16","90","0.5","2600","1200","18000","120"
"320","2432.0","DRILLING","950.0","945.0","410.0","1.19","12","1.16","90","0.5","2600","1200","18000","120"
"330","2433.0","DRILLING","950.0","945.0","410.0","1.19","12","1.16","90","0.5","2600","1200","18000","120"
"340","2434.0","DRILLING","950.0","945.0","410.0","1.19","12","1.16","90","0.5","2600","1200","18000","120"
"350","2435.0","DRILLING","950.0","945.0","410.0","1.19","12","1.16","90","0.5","2600","1200","18000","120"
"360","2436.0","DRILLING","950.0","945.0","410.0","1.19","12","1.16","90","0.5","2600","1200","18000","120"
"370","2437.0","DRILLING","950.0","945.0","410.0","1.19","12","1.16","90","0.5","2600","1200","18000","120"
"380","2438.0","DRILLING","950.0","945.0","410.0","1.19","12","1.16","90","0.5","2600","1200","18000","120"
"390","2439.0","DRILLING","950.0","945.0","410.0","1.19","12","1.16","90","0.5","2600","1200","18000","120"
"400","2440.0","DRILLING","950.0","945.0","410.0","1.19","12","1.16","90","0.5","2600","1200","18000","120"
"410","2441.0","DRILLING","950.0","945.0","410.0","1.19","12","1.16","90","0.5","2600","1200","18000","120"
"420","2442.0","DRILLING","950.0","945.0","410.0","1.19","12","1.16","90","0.5","2600","1200","18000","120"
"430","2443.0","DRILLING","950.0","945.0","410.0","1.19","12","1.16","90","0.5","2600","1200","18000","120"
"440","2444.0","DRILLING","950.0","945.0","410.0","1.19","12","1.16","90","0.5","2600","1200","18000","120"
"450","2445.0","DRILLING","950.0","945.0","410.0","1.19","12","1.16","90","0.5","2600","1200","18000","120"
"460","2446.0","DRILLING","950.0","945.0","410.0","1.19","12","1.16","90","0.5","2600","1200","18000","120"
"470","2447.0","DRILLING","950.0","945.0","410.0","1.19","12","1.16","90","0.5","2600","1200","18000","120"
"480","2448.0","DRILLING","950.0","945.0","410.0","1.19","12","1.16","90","0.5","2600","1200","18000","120"
"490","2449.0","DRILLING","950.0","945.0","410.0","1.19","12","1.16","90","0.5","2600","1200","18000","120"
"500","2450.0","DRILLING","950.0","945.0","410.0","1.19","12","1.16","90","0.5","2600","1200","18000","120"
"510","2451.0","DRILLING","950.0","945.0","410.0","1.19","12","1.16","90","0.5","2600","1200","18000","120"
"520","2452.0","DRILLING","950.0","945.0","410.0","1.19","12","1.16","90","0.5","2600","1200","18000","120"
"530","2453.0","DRILLING","950.0","945.0","410.0","1.19","12","1.16","90","0.5","2600","1200","18000","120"
"540","2454.0","DRILLING","950.0","945.0","410.0","1.19","12","1.16","90","0.5","2600","1200","18000","120"
"550","2455.0","DRILLING","950.0","945.0","410.0","1.19","12","1.16","90","0.5","2600","1200","18000","120"
"560","2456.0","DRILLING","950.0","945.0","410.0","1.19","12","1.16","90","0.5","2600","1200","18000","120"
"570","2457.0","DRILLING","950.0","945.0","410.0","1.19","12","1.16","90","0.5","2600","1200","18000","120"
"580","2458.0","DRILLING","950.0","945.0","410.0","1.19","12","1.16","90","0.5","2600","1200","18000","120"
"590","2459.0","DRILLING","950.0","945.0","410.0","1.19","12","1.16","90","0.5","2600","1200","18000","120"
"600","2460.0","DRILLING","950.0","945.0","410.0","1.19","12","1.16","90","0.5","2600","1200","18000","120"
"610","2461.0","DRILLING","950.0","945.0","410.0","1.19","12","1.16","90","0.5","2600","1200","18000","120"
"620","2462.0","DRILLING","950.0","945.0","410.0","1.19","12","1.16","90","0.5","2600","1200","18000","120"
"630","2463.0","DRILLING","950.0","945.0","410.0","1.19","12","1.16","90","0.5","2600","1200","18000","120"
"640","2464.0","DRILLING","950.0","945.0","410.0","1.19","12","1.16","90","0.5","2600","1200","18000","120"
"650","2465.0","DRILLING","950.0","945.0","410.0","1.19","12","1.16","90","0.5","2600","1200","18000","120"
"660","2466.0","DRILLING","950.0","945.0","410.0","1.19","12","1.16","90","0.5","2600","1200","18000","120"
"670","2467.0","DRILLING","950.0","945.0","410.0","1.19","12","1.16","90","0.5","2600","1200","18000","120"
"680","2468.0","DRILLING","950.0","945.0","410.0","1.19","12","1.16","90","0.5","2600","1200","18000","120"
"690","2469.0","DRILLING","950.0","945.0","410.0","1.19","12","1.16","90","0.5","2600","1200","18000","120"
"700","2470.0","DRILLING","950.0","945.0","410.0","1.19","12","1.16","90","0.5","2600","1200","18000","120"
"710","2471.0","DRILLING","950.0","945.0","410.0","1.19","12","1.16","90","0.5","2600","1200","18000","120"
"720","2472.0","DRILLING","950.0","945.0","410.0","1.19","12","1.16","90","0.5","2600","1200","18000","120"
"730","2473.0","DRILLING","950.0","945.0","410.0","1.19","12","1.16","90","0.5","2600","1200","18000","120"
"740","2474.0","DRILLING","950.0","945.0","410.0","1.19","12","1.16","90","0.5","2600","1200","18000","120"
"750","2475.0","DRILLING","950.0","945.0","410.0","1.19","12","1.16","90","0.5","2600","1200","18000","120"
"760","2476.0","DRILLING","950.0","945.0","410.0","1.19","12","1.16","90","0.5","2600","1200","18000","120"
"770","2477.0","DRILLING","950.0","945.0","410.0","1.19","12","1.16","90","0.5","2600","1200","18000","120"
"780","2478.0","DRILLING","950.0","945.0","410.0","1.19","12","1.16","90","0.5","2600","1200","18000","120"
"790","2479.0","DRILLING","950.0","945.0","410.0","1.19","12","1.16","90","0.5","2600","1200","18000","120"
"800","2480.0","DRILLING","950.0","945.0","410.0","1.19","12","1.16","90","0.5","2600","1200","18000","120"
"810","2481.0","DRILLING","950.0","945.0","410.0","1.19","12","1.16","90","0.5","2600","1200","18000","120"
"820","2482.0","DRILLING","950.0","945.0","410.0","1.19","12","1.16","90","0.5","2600","1200","18000","120"
"830","2483.0","DRILLING","950.0","945.0","410.0","1.19","12","1.16","90","0.5","2600","1200","18000","120"
"840","2484.0","DRILLING","950.0","945.0","410.0","1.19","12","1.16","90","0.5","2600","1200","18000","120"
"850","2485.0","DRILLING","950.0","945.0","410.0","1.19","12","1.16","90","0.5","2600","1200","18000","120"
"860","2486.0","DRILLING","950.0","945.0","410.0","1.19","12","1.16","90","0.5","2600","1200","18000","120"
"870","2487.0","DRILLING","950.0","945.0","410.0","1.19","12","1.16","90","0.5","2600","1200","18000","120"
"880","2488.0","DRILLING","950.0","945.0","410.0","1.19","12","1.16","90","0.5","2600","1200","18000","120"
"890","2489.0","DRILLING","950.0","945.0","410.0","1.19","12","1.16","90","0.5","2600","1200","18000","120"
"900","2490.0","DRILLING","950.0","945.0","410.0","1.19","12","1.16","90","0.5","2600","1200","18000","120"
"910","2491.0","DRILLING","950.0","945.0","410.0","1.19","12","1.16","90","0.5","2600","1200","18000","120"
"920","2492.0","DRILLING","950.0","945.0","410.0","1.19","12","1.16","90","0.5","2600","1200","18000","120"
"930","2493.0","DRILLING","950.0","945.0","410.0","1.19","12","1.16","90","0.5","2600","1200","18000","120"
"940","2494.0","DRILLING","950.0","945.0","410.0","1.19","12","1.16","90","0.5","2600","1200","18000","120"
"950","2495.0","DRILLING","950.0","945.0","410.0","1.19","12","1.16","90","0.5","2600","1200","18000","120"
"960","2496.0","DRILLING","950.0","945.0","410.0","1.19","12","1.16","90","0.5","2600","1200","18000","120"
"970","2497.0","DRILLING","950.0","945.0","410.0","1.19","12","1.16","90","0.5","2600","1200","18000","120"
"980","2498.0","DRILLING","950.0","945.0","410.0","1.19","12","1.16","90","0.5","2600","1200","18000","120"
"990","2499.0","DRILLING","950.0","945.0","410.0","1.19","12","1.16","90","0.5","2600","1200","18000","120"
"1000","2500.0","DRILLING","950.0","945.0","410.0","1.19","12","1.16","90","0.5","2600","1200","18000","120"
"1010","2501.0","DRILLING","950.0","945.0","410.0","1.19","12","1.16","90","0.5","2600","1200","18000","120"
"1020","2502.0","DRILLING","950.0","945.0","410.0","1.19","12","1.16","90","0.5","2600","1200","18000","120"
"1030","2503.0","DRILLING","950.0","945.0","410.0","1.19","12","1.16","90","0.5","2600","1200","18000","120"
"1040","2504.0","DRILLING","950.0","945.0","410.0","1.19","12","1.16","90","0.5","2600","1200","18000","120"
"1050","2505.0","DRILLING","950.0","945.0","410.0","1.19","12","1.16","90","0.5","2600","1200","18000","120"
"1060","2506.0","DRILLING","950.0","945.0","410.0","1.19","12","1.16","90","0.5","2600","1200","18000","120"
"1070","2507.0","DRILLING","950.0","945.0","410.0","1.19","12","1.16","90","0.5","2600","1200","18000","120"
"1080","2508.0","DRILLING","950.0","945.0","410.0","1.19","12","1.16","90","0.5","2600","1200","18000","120"
"1090","2509.0","DRILLING","950.0","945.0","410.0","1.19","12","1.16","90","0.5","2600","1200","18000","120"
"1100","2510.0","DRILLING","950.0","945.0","410.0","1.19","12","1.16","90","0.5","2600","1200","18000","120"
"1110","2511.0","DRILLING","950.0","945.0","410.0","1.19","12","1.16","90","0.5","2600","1200","18000","120"
"1120","2512.0","DRILLING","950.0","945.0","410.0","1.19","12","1.16","90","0.5","2600","1200","18000","120"
"1130","2513.0","DRILLING","950.0","945.0","410.0","1.19","12","1.16","90","0.5","2600","1200","18000","120"
"1140","2514.0","DRILLING","950.0","945.0","410.0","1.19","12","1.16","90","0.5","2600","1200","18000","120"
"1150","2515.0","DRILLING","950.0","943.8","409.94","1.19","12","1.16","90","0.5","2600","1200","18000","120"
"1160","2516.0","DRILLING","950.0","940.8","409.79","1.19","12","1.16","90","0.5","2600","1200","18000","120"
"1170","2517.0","DRILLING","950.0","937.8","409.64","1.19","12","1.16","90","0.5","2600","1200","18000","120"
"1180","2518.0","DRILLING","950.0","934.8","409.49","1.19","12","1.16","90","0.5","2600","1200","18000","120"
"1190","2519.0","DRILLING","950.0","931.8","409.34","1.19","12","1.16","90","0.5","2600","1200","18000","120"
"1200","2520.0","DRILLING","950.0","928.8","409.19","1.19","12","1.16","90","0.5","2600","1200","18000","120"
"1210","2521.0","DRILLING","950.0","925.8","409.04","1.19","12","1.16","90","0.5","2600","1200","18000","120"
"1220","2522.0","DRILLING","950.0","922.8","408.89","1.19","12","1.16","90","0.5","2600","1200","18000","120"
"1230","2523.0","DRILLING","950.0","919.8","408.74","1.19","12","1.16","90","0.5","2600","1200","18000","120"
"1240","2524.0","DRILLING","950.0","916.8","408.59","1.19","12","1.16","90","0.5","2600","1200","18000","120"
"1250","2525.0","DRILLING","950.0","913.8","408.44","1.19","12","1.16","90","0.5","2600","1200","18000","120"
"1260","2526.0","DRILLING","950.0","910.8","408.29","1.19","12","1.16","90","0.5","2600","1200","18000","120"
"1270","2527.0","DRILLING","950.0","907.8","408.14","1.19","12","1.16","90","0.5","2600","1200","18000","120"
"1280","2528.0","DRILLING","950.0","904.8","407.99","1.19","12","1.16","90","0.5","2600","1200","18000","120"
"1290","2529.0","DRILLING","950.0","901.8","407.84","1.19","12","1.16","90","0.5","2600","1200","18000","120"
"1300","2530.0","DRILLING","950.0","898.8","407.69","1.19","12","1.16","90","0.5","2600","1200","18000","120"
"1310","2531.0","DRILLING","950.0","895.8","407.54","1.19","12","1.16","90","0.5","2600","1200","18000","120"
"1320","2532.0","DRILLING","950.0","892.8","407.39","1.19","12","1.16","90","0.5","2600","1200","18000","120"
"1330","2533.0","DRILLING","950.0","889.8","407.24","1.19","12","1.16","90","0.5","2600","1200","18000","120"
"1340","2534.0","DRILLING","950.0","886.8","407.09","1.19","12","1.16","90","0.5","2600","1200","18000","120"
"1350","2535.0","DRILLING","950.0","885.0","407.0","1.19","12","1.16","90","0.5","2600","1200","18000","120"
"1360","2536.0","DRILLING","950.0","885.0","407.0","1.19","12","1.16","90","0.5","2600","1200","18000","120"
"1370","2537.0","DRILLING","950.0","885.0","407.0","1.19","12","1.16","90","0.5","2600","1200","18000","120"
"1380","2538.0","DRILLING","950.0","885.0","407.0","1.19","12","1.16","90","0.5","2600","1200","18000","120"
"1390","2539.0","DRILLING","950.0","885.0","407.0","1.19","12","1.16","90","0.5","2600","1200","18000","120"
"1400","2540.0","DRILLING","950.0","885.0","407.0","1.19","12","1.16","90","0.5","2600","1200","18000","120"
"1410","2541.0","DRILLING","950.0","885.0","407.0","1.19","12","1.16","90","0.5","2600","1200","18000","120"
"1420","2542.0","DRILLING","950.0","885.0","407.0","1.19","12","1.16","90","0.5","2600","1200","18000","120"
"1430","2543.0","DRILLING","950.0","885.0","407.0","1.19","12","1.16","90","0.5","2600","1200","18000","120"
"1440","2544.0","DRILLING","950.0","885.0","407.0","1.19","12","1.16","90","0.5","2600","1200","18000","120"
"1450","2545.0","DRILLING","950.0","885.0","407.0","1.19","12","1.16","90","0.5","2600","1200","18000","120"
"1460","2546.0","DRILLING","950.0","885.0","407.0","1.19","12","1.16","90","0.5","2600","1200","18000","120"
"1470","2547.0","DRILLING","950.0","885.0","407.0","1.19","12","1.16","90","0.5","2600","1200","18000","120"
"1480","2548.0","DRILLING","950.0","885.0","407.0","1.19","12","1.16","90","0.5","2600","1200","18000","120"
"1490","2549.0","DRILLING","950.0","885.0","407.0","1.19","12","1.16","90","0.5","2600","1200","18000","120"
"1500","2550.0","DRILLING","950.0","885.0","407.0","1.19","12","1.16","90","0.5","2600","1200","18000","120"
"1510","2551.0","DRILLING","950.0","885.0","407.0","1.19","12","1.16","90","0.5","2600","1200","18000","120"
"1520","2552.0","DRILLING","950.0","885.0","407.0","1.19","12","1.16","90","0.5","2600","1200","18000","120"
"1530","2553.0","DRILLING","950.0","885.0","407.0","1.19","12","1.16","90","0.5","2600","1200","18000","120"
"1540","2554.0","DRILLING","950.0","885.0","407.0","1.19","12","1.16","90","0.5","2600","1200","18000","120"
"1550","2555.0","DRILLING","950.0","885.0","407.0","1.19","12","1.16","90","0.5","2600","1200","18000","120"
"1560","2556.0","DRILLING","950.0","885.0","407.0","1.19","12","1.16","90","0.5","2600","1200","18000","120"
"1570","2557.0","DRILLING","950.0","885.0","407.0","1.19","12","1.16","90","0.5","2600","1200","18000","120"
"1580","2558.0","DRILLING","950.0","885.0","407.0","1.19","12","1.16","90","0.5","2600","1200","18000","120"
"1590","2559.0","DRILLING","950.0","885.0","407.0","1.19","12","1.16","90","0.5","2600","1200","18000","120"
"1600","2560.0","DRILLING","950.0","885.0","407.0","1.19","12","1.16","90","0.5","2600","1200","18000","120"
"1610","2561.0","DRILLING","950.0","885.0","407.0","1.19","12","1.16","90","0.5","2600","1200","18000","120"
"1620","2562.0","DRILLING","950.0","885.0","407.0","1.19","12","1.16","90","0.5","2600","1200","18000","120"
"1630","2563.0","DRILLING","950.0","885.0","407.0","1.19","12","1.16","90","0.5","2600","1200","18000","120"
"1640","2564.0","DRILLING","950.0","885.0","407.0","1.19","12","1.16","90","0.5","2600","1200","18000","120"
"1650","2565.0","DRILLING","950.0","885.0","407.0","1.19","12","1.16","90","0.5","2600","1200","18000","120"
"1660","2566.0","DRILLING","950.0","885.0","407.0","1.19","12","1.16","90","0.5","2600","1200","18000","120"
"1670","2567.0","DRILLING","950.0","885.0","407.0","1.19","12","1.16","90","0.5","2600","1200","18000","120"
"1680","2568.0","DRILLING","950.0","885.0","407.0","1.19","12","1.16","90","0.5","2600","1200","18000","120"
"1690","2569.0","DRILLING","950.0","885.0","407.0","1.19","12","1.16","90","0.5","2600","1200","18000","120"
"1700","2570.0","DRILLING","950.0","885.0","407.0","1.19","12","1.16","90","0.5","2600","1200","18000","120"
"1710","2571.0","DRILLING","950.0","885.0","407.0","1.19","12","1.16","90","0.5","2600","1200","18000","120"
"1720","2572.0","DRILLING","950.0","885.0","407.0","1.19","12","1.16","90","0.5","2600","1200","18000","120"
"1730","2573.0","DRILLING","950.0","885.0","407.0","1.19","12","1.16","90","0.5","2600","1200","18000","120"
"1740","2574.0","DRILLING","950.0","885.0","407.0","1.19","12","1.16","90","0.5","2600","1200","18000","120"
"1750","2575.0","DRILLING","950.0","885.0","407.0","1.19","12","1.16","90","0.5","2600","1200","18000","120"
"1760","2576.0","DRILLING","950.0","885.0","407.0","1.19","12","1.16","90","0.5","2600","1200","18000","120"
"1770","2577.0","DRILLING","950.0","885.0","407.0","1.19","12","1.16","90","0.5","2600","1200","18000","120"
"1780","2578.0","DRILLING","950.0","885.0","407.0","1.19","12","1.16","90","0.5","2600","1200","18000","120"
"1790","2579.0","DRILLING","950.0","885.0","407.0","1.19","12","1.16","90","0.5","2600","1200","18000","120"
"1800","2580.0","DRILLING","950.0","885.0","407.0","1.19","12","1.16","90","0.5","2600","1200","18000","120"
